method,correct,total,accuracy,time_total,time_per_image
Tesseract (Optimized),9,32,28.125,14.369787454605103,0.44905585795640945
EasyOCR,14,32,43.75,3.5429866313934326,0.11071833223104477
